{
  "model": "mpl",
  "hidden_dim": 64,
  "dropout": 0.14561457009902096,
  "lr": 0.00016738085788752134
}